title,idArt
Titolo,1
,3
Che ne pensate?,5
Scontro tra titani,7
Scontro tra titani,9
Confrontro tra i due,11
Titolo,13
Titolo,15
Sapete che..,17
Che idea ma quale idea,19
Titolo,21
Articolino,23
Confrontro tra i due,25
,27
Titolo,29
Articolo,31
Sapete che..,33
Abbiamo provato il gioco,35
Che articolo,37
Confrontro tra i due,39
Articolone,41
Articolo,43
Che articolo,45
Confrontro tra i due,47
Articolo,49
Scontro tra titani,51
Sapete che..,53
Abbiamo provato il gioco,55
Abbiamo provato il gioco,57
Articolone,59
Che articolo,61
Articolone,63
Abbiamo provato il gioco,65
Articolone,67
Che idea ma quale idea,69
Articolino,71
Che ne pensate?,73
,75
Articolo,77
Che ne pensate?,79
Articolone,81
Che ne pensate?,83
Che articolo,85
Articolino,87
Che idea ma quale idea,89
Articolino,91
Sapete che..,93
Scontro tra titani,95
Abbiamo provato il gioco,97
,99
Scontro tra titani,101
Che idea ma quale idea,103
Articolino,105
Articolo,107
Che articolo,109
Articolino,111
Abbiamo provato il gioco,113
Sapete che..,115
Scontro tra titani,117
Sapete che..,119
Che idea ma quale idea,121
,123
Confrontro tra i due,125
Sapete che..,127
Sapete che..,129
Confrontro tra i due,131
Scontro tra titani,133
,135
Abbiamo provato il gioco,137
Scontro tra titani,139
Scontro tra titani,141
Confrontro tra i due,143
Articolo,145
Articolo,147
Articolone,149
Che articolo,151
Confrontro tra i due,153
Che idea ma quale idea,155
Articolino,157
Articolo,159
Articolone,161
Confrontro tra i due,163
Articolo,165
Scontro tra titani,167
Articolino,169
Articolo,171
Articolone,173
Che ne pensate?,175
Scontro tra titani,177
Articolo,179
Che ne pensate?,181
Articolo,183
Confrontro tra i due,185
Articolo,187
Che idea ma quale idea,189
Titolo,191
Articolone,193
Scontro tra titani,195
Titolo,197
Articolino,199
Scontro tra titani,201
,203
Che ne pensate?,205
Che ne pensate?,207
Sapete che..,209
Articolo,211
Scontro tra titani,213
Che articolo,215
Articolone,217
Che articolo,219
,221
Che ne pensate?,223
Confrontro tra i due,225
Che articolo,227
Che articolo,229
,231
Che idea ma quale idea,233
Confrontro tra i due,235
Che ne pensate?,237
Articolone,239
Abbiamo provato il gioco,241
Confrontro tra i due,243
Confrontro tra i due,245
Che ne pensate?,247
,249
Sapete che..,251
Che ne pensate?,253
Abbiamo provato il gioco,255
Sapete che..,257
,259
,261
Confrontro tra i due,263
Abbiamo provato il gioco,265
Che ne pensate?,267
Titolo,269
Confrontro tra i due,271
Abbiamo provato il gioco,273
,275
Che articolo,277
Articolone,279
Che articolo,281
Abbiamo provato il gioco,283
Che ne pensate?,285
Articolo,287
Articolone,289
,291
Che articolo,293
Che ne pensate?,295
Titolo,297
Articolone,299
Articolone,301
Confrontro tra i due,303
Sapete che..,305
Titolo,307
Articolone,309
Che ne pensate?,311
Che articolo,313
Sapete che..,315
Sapete che..,317
Che idea ma quale idea,319
Titolo,321
Articolone,323
Abbiamo provato il gioco,325
Che articolo,327
Titolo,329
,331
Articolone,333
Che articolo,335
Articolone,337
Che idea ma quale idea,339
Che ne pensate?,341
Articolino,343
Articolo,345
Articolino,347
Che idea ma quale idea,349
Confrontro tra i due,351
Abbiamo provato il gioco,353
Che ne pensate?,355
Articolone,357
Scontro tra titani,359
Titolo,361
Che ne pensate?,363
Confrontro tra i due,365
Articolo,367
Confrontro tra i due,369
Che articolo,371
Abbiamo provato il gioco,373
Confrontro tra i due,375
,377
Sapete che..,379
Titolo,381
Scontro tra titani,383
,385
Sapete che..,387
Abbiamo provato il gioco,389
Confrontro tra i due,391
Che articolo,393
Che ne pensate?,395
Scontro tra titani,397
Articolino,399
Che idea ma quale idea,401
Articolo,403
Confrontro tra i due,405
,407
Articolone,409
Scontro tra titani,411
Confrontro tra i due,413
Che articolo,415
Sapete che..,417
Che articolo,419
Articolino,421
Che ne pensate?,423
Che articolo,425
Sapete che..,427
Sapete che..,429
Articolino,431
Che articolo,433
Sapete che..,435
Titolo,437
Sapete che..,439
Scontro tra titani,441
Articolo,443
Scontro tra titani,445
Confrontro tra i due,447
Articolone,449
Articolino,451
Che idea ma quale idea,453
,455
Che articolo,457
Che articolo,459
Confrontro tra i due,461
Titolo,463
Titolo,465
Sapete che..,467
Scontro tra titani,469
Titolo,471
Che ne pensate?,473
Che articolo,475
Sapete che..,477
Che idea ma quale idea,479
Articolo,481
Titolo,483
Che idea ma quale idea,485
Che idea ma quale idea,487
Abbiamo provato il gioco,489
Che ne pensate?,491
Titolo,493
Abbiamo provato il gioco,495
Che articolo,497
Che articolo,499
,501
Confrontro tra i due,503
Abbiamo provato il gioco,505
Titolo,507
Confrontro tra i due,509
Che idea ma quale idea,511
Articolone,513
Che articolo,515
Articolo,517
Che ne pensate?,519
Articolone,521
Confrontro tra i due,523
Titolo,525
Articolone,527
Titolo,529
Articolo,531
Confrontro tra i due,533
Articolone,535
Articolo,537
Articolone,539
Abbiamo provato il gioco,541
,543
Sapete che..,545
Articolino,547
Che ne pensate?,549
Articolo,551
Che articolo,553
Che idea ma quale idea,555
Che ne pensate?,557
Articolino,559
Che idea ma quale idea,561
Titolo,563
Articolone,565
Abbiamo provato il gioco,567
Articolino,569
Articolino,571
,573
