name,admin,description
Pisammare,stevenivan,no description
Bel gruppo,billyindiana,no description
Cimone 2k16,merrioa,no description
Gli sfollati,dspongman,no description
Quelli di sempre,jrbuczkow90},no description
Quelli di sempre,yeknom02},no description
Gli sfollati,hydraphobe,no description
Cimone 2k16,fatalcory,no description
Bel gruppo,jonnyhinkleart,no description
Cimone 2k16,theblueishshark,no description
Gli sfollati,sunflowerem,no description
Quelli di sempre,rakuda1988},no description
Gli sfollati,magdalenka,no description
Gli sfollati,lemononmars,no description
Pisammare,nocto,no description
Cimone 2k16,dossyvilja,no description
Quelli di sempre,piratedave84},no description
Cimone 2k16,sokoben,no description
Bel gruppo,tomas pablo,no description
Pisammare,thediceplayer,no description
Quelli di sempre,phobos99},no description
Bel gruppo,agrajag4242,no description
Cimone 2k16,demuxer,no description
Quelli di sempre,serranadas83},no description
Gli sfollati,yemajornerd,no description
Pisammare,jpdemuth,no description
Pisammare,alanwu,no description
Pisammare,maialabreizh,no description
Cimone 2k16,mardocko,no description
Quelli di sempre,ahdave},no description
Quelli di sempre,tcsuares},no description
Quelli di sempre,estes1712},no description
Gli sfollati,abeechler27,no description
Quelli di sempre,bambam mlg},no description
Cimone 2k16,rarabel,no description
Bel gruppo,spielimperator,no description
Quelli di sempre,lunawolvesman},no description
Gli sfollati,russland3,no description
Pisammare,adygami,no description
Pisammare,krahenkamp,no description
Gli sfollati,bryanmalvin,no description
Bel gruppo,arcticnights,no description
Pisammare,unknownlempi,no description
Pisammare,pescadete,no description
Quelli di sempre,robindog},no description
Quelli di sempre,metales_ramirez},no description
Cimone 2k16,impossibleastronaut,no description
Quelli di sempre,megaboz},no description
Gli sfollati,gamergamergamer,no description
Quelli di sempre,kaiax33},no description
Bel gruppo,wheelsthefirst,no description
Bel gruppo,coreyhaim8mydog,no description
Bel gruppo,hellomynameisrob,no description
Bel gruppo,kipbot,no description
Quelli di sempre,sintyrax},no description
Gli sfollati,oftenmadehumble,no description
Quelli di sempre,arcadiaquestor},no description
Quelli di sempre,vsevoloch},no description
Gli sfollati,ebobo,no description
Cimone 2k16,twaddle,no description
Bel gruppo,dylasaurus,no description
Pisammare,beautifultoys,no description
Gli sfollati,icenivek,no description
Gli sfollati,jakesixx,no description
Bel gruppo,mrseebo,no description
Gli sfollati,mistytotem,no description
Gli sfollati,legrandmenteur,no description
Gli sfollati,junraqan,no description
Pisammare,dionysus1984,no description
Pisammare,mwelsh1118,no description
Bel gruppo,hexenjagd,no description
Cimone 2k16,mikeinhell,no description
Gli sfollati,misio205,no description
Quelli di sempre,kylemorrison},no description
Pisammare,bioleta,no description
Quelli di sempre,vittorioso},no description
Gli sfollati,crazysoul,no description
Bel gruppo,melkor89,no description
Quelli di sempre,futzboy},no description
Gli sfollati,alienpuppies,no description
Cimone 2k16,sammotheblammo,no description
Gli sfollati,hansolosuncle,no description
Pisammare,shaku91,no description
Gli sfollati,nehilism,no description
Pisammare,popevans,no description
Bel gruppo,deemb,no description
Gli sfollati,paulabatton,no description
Pisammare,ramvic,no description
Gli sfollati,iiisrael,no description
Pisammare,erik de baan,no description
Bel gruppo,jeeerrd,no description
Quelli di sempre,oconlan},no description
Pisammare,mikeron,no description
Pisammare,npayne80,no description
Gli sfollati,dotintegral,no description
Gli sfollati,merrymeeple,no description
Quelli di sempre,yoshi1967},no description
Cimone 2k16,djam,no description
Quelli di sempre,nathaninvic},no description
Pisammare,kschmid5,no description
Pisammare,sbrecco,no description
Quelli di sempre,leetin},no description
Quelli di sempre,rcop},no description
Bel gruppo,meteorice,no description
Pisammare,najata,no description
Cimone 2k16,commanderscrappy,no description
Cimone 2k16,takasoo,no description
Quelli di sempre,jkavu},no description
Pisammare,lefou23,no description
Pisammare,dimetime,no description
Gli sfollati,keyholegames,no description
Cimone 2k16,igores,no description
Cimone 2k16,gorlab,no description
Quelli di sempre,heddy},no description
Pisammare,wild blue skies,no description
Quelli di sempre,telcar},no description
Bel gruppo,lanejustin,no description
Bel gruppo,gostone23,no description
Cimone 2k16,weirduncle,no description
Bel gruppo,sngames,no description
Cimone 2k16,firstblood,no description
Cimone 2k16,grondl,no description
Pisammare,exa1zar2ius3,no description
Quelli di sempre,deanofdvd},no description
Pisammare,elglobo,no description
Cimone 2k16,overthetop,no description
Pisammare,payne21227,no description
Gli sfollati,xnickbaranx,no description
Bel gruppo,kittymike21,no description
Pisammare,blackmarketgames,no description
Bel gruppo,mpoirier,no description
Pisammare,bobry,no description
Bel gruppo,lakerscentral,no description
Pisammare,cernunos,no description
Gli sfollati,shabers,no description
Quelli di sempre,lanie},no description
Quelli di sempre,jgbaxter},no description
Cimone 2k16,raptorpilot,no description
Pisammare,mananthemoon,no description
Cimone 2k16,urliantonio,no description
Quelli di sempre,yannick69},no description
Gli sfollati,dragonmaster7,no description
Pisammare,pssdffjay,no description
Pisammare,aknash,no description
Pisammare,gamingnoise,no description
Quelli di sempre,jazzflight},no description
Bel gruppo,athmtoonen,no description
Gli sfollati,dmynus,no description
Bel gruppo,handsbrix,no description
Cimone 2k16,lampoonthesystem,no description
Gli sfollati,darioab,no description
Quelli di sempre,ichibangames},no description
Quelli di sempre,ojcall},no description
Bel gruppo,orioncrush,no description
Cimone 2k16,sam1234,no description
Quelli di sempre,nibiew},no description
Gli sfollati,milky_ants,no description
Pisammare,robrll,no description
Gli sfollati,euan mcleod,no description
Quelli di sempre,ren89},no description
Bel gruppo,richmindworks,no description
Cimone 2k16,dustfinger78,no description
Pisammare,raceric,no description
Bel gruppo,ocdspectrum,no description
Quelli di sempre,raulink},no description
Pisammare,protisimulator,no description
Cimone 2k16,joeydeeee,no description
Quelli di sempre,jonathan9461},no description
Quelli di sempre,uncletrunx},no description
Cimone 2k16,elonka,no description
Quelli di sempre,beaker1393},no description
Gli sfollati,emc2feld,no description
Gli sfollati,gwildar,no description
Cimone 2k16,bule,no description
Cimone 2k16,camillus24,no description
Pisammare,buzibee508,no description
Pisammare,t_s_sullivan,no description
Gli sfollati,buronar,no description
Gli sfollati,xpolizeix,no description
Quelli di sempre,_cdm_},no description
Pisammare,nmt11091998,no description
Cimone 2k16,eviljorge,no description
Quelli di sempre,crashergeorge},no description
Cimone 2k16,awesomeness1017,no description
Cimone 2k16,demagoge,no description
Gli sfollati,daewezzy,no description
Quelli di sempre,forum271},no description
Gli sfollati,bf_costello,no description
Cimone 2k16,tinkerdisc,no description
Cimone 2k16,yankeeplatypus,no description
Quelli di sempre,sorgur},no description
Bel gruppo,wwddd,no description
Pisammare,christinarcancel,no description
Quelli di sempre,dimagm},no description
Quelli di sempre,knmp1},no description
Pisammare,xanderbenioff,no description
Pisammare,wisdomforwizards,no description
Cimone 2k16,kyonkatsu,no description
Quelli di sempre,the killing joke},no description
Pisammare,thereisnospoon,no description
Gli sfollati,crom84,no description
Cimone 2k16,gsolanof,no description
Bel gruppo,silvertoe,no description
Pisammare,emofes,no description
Gli sfollati,adam81,no description
Pisammare,hiteshdj,no description
Quelli di sempre,paddleballfluscles,no description
Pisammare,whengoatsattack,no description
Quelli di sempre,vanmith3555},no description
Quelli di sempre,branflakesbro},no description
Pisammare,vihkr,no description
Gli sfollati,scitaliss,no description
Pisammare,blairhippo,no description
Quelli di sempre,fabriarge},no description
Cimone 2k16,slimmittens,no description
Pisammare,timo7,no description
Bel gruppo,saldagon,no description
Pisammare,pegasus65,no description
Gli sfollati,trunked,no description
Bel gruppo,gruulz,no description
Bel gruppo,mortality,no description
Cimone 2k16,wilczyca,no description
Gli sfollati,daria432,no description
Cimone 2k16,lordanime,no description
Quelli di sempre,saclawyer},no description
Pisammare,jaedrian,no description
Quelli di sempre,simijon},no description
Gli sfollati,zsquared,no description
Cimone 2k16,bleuk,no description
Quelli di sempre,kawes9},no description
Pisammare,windmillgo,no description
Quelli di sempre,hyilol},no description
Cimone 2k16,restless10101,no description
Quelli di sempre,muckyduck mel},no description
Bel gruppo,lewisgwyther,no description
Pisammare,okkay,no description
Pisammare,yelenka_k,no description
Gli sfollati,haras,no description
Pisammare,nealberk,no description
Pisammare,vascoan,no description
Quelli di sempre,kulel},no description
Gli sfollati,vanessa_003,no description
Quelli di sempre,kusti0152},no description
Gli sfollati,maesa,no description
Bel gruppo,soak314,no description
Bel gruppo,el_dunco,no description
Quelli di sempre,yukata},no description
Gli sfollati,addeus,no description
Gli sfollati,neal smith,no description
Pisammare,mudmaniac,no description
Quelli di sempre,ymmat},no description
Bel gruppo,rayjunx,no description
Quelli di sempre,akhicks629},no description
Pisammare,cycocypher,no description
Pisammare,funkygamesninja,no description
Quelli di sempre,primus},no description
Cimone 2k16,patricclay,no description
Gli sfollati,vorpa,no description
Quelli di sempre,yannarseneau},no description
Bel gruppo,lucribeiro,no description
Quelli di sempre,thetino},no description
Cimone 2k16,mist1001,no description
Bel gruppo,kijaucey,no description
Gli sfollati,mitrydates,no description
Pisammare,katsubun,no description
Gli sfollati,andora cidonia,no description
Gli sfollati,matskralc,no description
Bel gruppo,saphirrah,no description
Cimone 2k16,sheffik,no description
Pisammare,bryk,no description
Quelli di sempre,redbolt},no description
Quelli di sempre,thejoepilato},no description
Cimone 2k16,sinn104,no description
Cimone 2k16,teddz,no description
Cimone 2k16,profdavis,no description
Quelli di sempre,oldtallandugly},no description
Pisammare,samuele2723,no description
Gli sfollati,rhys637,no description
Bel gruppo,jmheineken1981,no description
Gli sfollati,tonyo460,no description
Quelli di sempre,cubedrone},no description
Quelli di sempre,sharky54},no description
Cimone 2k16,goazauber72,no description
Cimone 2k16,larresbethel,no description
Quelli di sempre,frgamer},no description
Gli sfollati,dragon4201976,no description
Pisammare,reyda01,no description
Pisammare,alpay,no description
Bel gruppo,teo86,no description
Pisammare,teo86,no description
Bel gruppo,holybrod,no description
Pisammare,the the,no description
Cimone 2k16,stoge,no description
Bel gruppo,kschmutz,no description
Cimone 2k16,kalavera,no description
Pisammare,diehardman,no description
Gli sfollati,jalfred,no description
Quelli di sempre,ocoeekayaker},no description
Cimone 2k16,falsememory,no description
Bel gruppo,voidwalker,no description
Cimone 2k16,spooty mcpew,no description
Cimone 2k16,whiskey callahan,no description
Cimone 2k16,acatalan,no description
Gli sfollati,debitdejeux,no description
Cimone 2k16,flashhawk,no description
Pisammare,boardgamenerd5390,no description
Gli sfollati,alepsycho,no description
Bel gruppo,aaronrojo,no description
Quelli di sempre,vannostrand},no description
Gli sfollati,norkle,no description
Bel gruppo,shallowblue,no description
Gli sfollati,isneakattack,no description
Quelli di sempre,cardslab},no description
Bel gruppo,sprocket003,no description
Bel gruppo,prpr_hrdcr,no description
Pisammare,a1kmt2002,no description
Gli sfollati,bicro,no description
Pisammare,zamazingo_,no description
Bel gruppo,jaymcdonald,no description
Pisammare,kantele,no description
Quelli di sempre,bonairious},no description
Pisammare,capovonderband,no description
Bel gruppo,dominicbasson,no description
Bel gruppo,sammyfung,no description
Bel gruppo,yazleb,no description
Bel gruppo,kinglouisx,no description
Pisammare,bellastellaria,no description
Bel gruppo,dormammu_,no description
Bel gruppo,m0mentum,no description
Bel gruppo,yuyan,no description
Quelli di sempre,pentram},no description
Quelli di sempre,oize},no description
Gli sfollati,falsememory,no description
Gli sfollati,kayeviva,no description
Bel gruppo,const12,no description
Gli sfollati,the_educated_fool,no description
Quelli di sempre,yakonshus},no description
Pisammare,donnyramos,no description
Quelli di sempre,seb_mtl},no description
Pisammare,manwhosoldtheworld,no description
Pisammare,dogsbondgame,no description
Quelli di sempre,asmdemon},no description
Pisammare,glennchng,no description
Bel gruppo,ejohnson867,no description
Bel gruppo,theblueishshark,no description
Quelli di sempre,minion master},no description
Bel gruppo,barrumbo,no description
Gli sfollati,xcr118,no description
Bel gruppo,sharonmkfm,no description
Bel gruppo,chigurh,no description
Gli sfollati,elieseykliman,no description
Quelli di sempre,zeon},no description
Quelli di sempre,thylaco1},no description
Pisammare,mariorc380,no description
Gli sfollati,dfsachet,no description
Bel gruppo,asanka88,no description
Pisammare,rapsfeld,no description
Bel gruppo,mattlong6,no description
Gli sfollati,dgfitch,no description
Cimone 2k16,sinestro057,no description
Gli sfollati,pwndit,no description
Gli sfollati,zach564344,no description
Cimone 2k16,yggdrasiler,no description
Cimone 2k16,trois,no description
Pisammare,thewarriorbear,no description
Bel gruppo,castingnets,no description
Bel gruppo,marinasong,no description
Gli sfollati,fiveaside,no description
Bel gruppo,vaultdweller,no description
Bel gruppo,marahelisa,no description
Bel gruppo,franklinrabbit,no description
Gli sfollati,tibbarp,no description
Bel gruppo,jan carlsen,no description
Bel gruppo,alfre234,no description
Cimone 2k16,timkat02,no description
Cimone 2k16,lie0909,no description
Bel gruppo,morpheo81,no description
Pisammare,ithi,no description
Cimone 2k16,olliemantel,no description
Pisammare,grabble,no description
Pisammare,htivante23,no description
Pisammare,stesser,no description
Pisammare,team green,no description
Bel gruppo,airsonist,no description
Quelli di sempre,nanasu7},no description
Gli sfollati,mike tuga,no description
Quelli di sempre,krabuk},no description
Bel gruppo,benchmybabyweight,no description
Bel gruppo,delet,no description
Quelli di sempre,highpockets},no description
Pisammare,mablanco,no description
Gli sfollati,adzinger,no description
Bel gruppo,flomen_muc,no description
Pisammare,snakespawn,no description
Cimone 2k16,waiting511,no description
Pisammare,thian_y,no description
Cimone 2k16,zethsun,no description
Gli sfollati,oyang,no description
Bel gruppo,mmoyen,no description
Cimone 2k16,s_karr,no description
Quelli di sempre,edc0803},no description
Cimone 2k16,baldaus,no description
Gli sfollati,clever_rogue,no description
Gli sfollati,exuldur,no description
Pisammare,abraham121284,no description
Pisammare,adrianapm,no description
Gli sfollati,xanthedragon,no description
Pisammare,tinfox,no description
Bel gruppo,gabo2007,no description
Bel gruppo,pentargam632,no description
Bel gruppo,oursino,no description
Cimone 2k16,ash_danger,no description
Cimone 2k16,mingus29,no description
Gli sfollati,yourfriendbenmoy,no description
Pisammare,dublatime,no description
Cimone 2k16,josafata,no description
Cimone 2k16,againgames,no description
Bel gruppo,77rebel,no description
Bel gruppo,telltinnick,no description
Gli sfollati,branstonoriginal,no description
Gli sfollati,matthewrgemmell,no description
Bel gruppo,alucard87,no description
Bel gruppo,zosime,no description
Quelli di sempre,dastion},no description
Gli sfollati,lunaivy,no description
Pisammare,danielstamm,no description
Bel gruppo,xelo5,no description
Pisammare,oshiimine,no description
Bel gruppo,batistv,no description
Bel gruppo,tgalligar,no description
Cimone 2k16,_kolibri_,no description
Bel gruppo,zavian,no description
Bel gruppo,karenx,no description
Pisammare,salemlechat,no description
Pisammare,kingmob,no description
Pisammare,sartou,no description
Cimone 2k16,fowlerj,no description
Quelli di sempre,topher4},no description
Cimone 2k16,ladykapdragon,no description
Cimone 2k16,sbrinager,no description
Cimone 2k16,gglobus,no description
Quelli di sempre,soonermike211},no description
Gli sfollati,bmlcom,no description
Pisammare,tapik,no description
Cimone 2k16,ad3llq101,no description
Bel gruppo,itblackhammertime,no description
Cimone 2k16,strangebrew47,no description
Pisammare,jrmod,no description
Pisammare,vauvalon,no description
Quelli di sempre,arun_michael},no description
Bel gruppo,thejsho,no description
Quelli di sempre,classictester},no description
Bel gruppo,mhaghollahi,no description
Gli sfollati,pitbullover138,no description
Cimone 2k16,stefouch,no description
Gli sfollati,kelroy was here,no description
Bel gruppo,lord_loren_soth,no description
Bel gruppo,chadtheinhaler,no description
Cimone 2k16,jbox99,no description
Gli sfollati,clammy721,no description
Gli sfollati,simc,no description
Cimone 2k16,logansrun,no description
Bel gruppo,k4comicbook,no description
Bel gruppo,reddaltoids,no description
Gli sfollati,puddleyc,no description
Quelli di sempre,mintus maximus},no description
Pisammare,amersham,no description
Pisammare,tito pulo,no description
Pisammare,acelze,no description
Cimone 2k16,speltafel,no description
Gli sfollati,navajas,no description
Cimone 2k16,bunjijump,no description
Pisammare,kirioni,no description
Pisammare,invisiblejon,no description
Cimone 2k16,alifaghihy,no description
Cimone 2k16,lightyear90,no description
Gli sfollati,vistcoatis,no description
Quelli di sempre,stasisserra},no description
Bel gruppo,surfindecoy,no description
Bel gruppo,legionnaire69,no description
Quelli di sempre,sarah999},no description
Quelli di sempre,chargers},no description
Cimone 2k16,captain pew pew,no description
Quelli di sempre,fanselowrudy},no description
Gli sfollati,ahzile,no description
Pisammare,deathwarden,no description
Pisammare,nicbfromoz,no description
Pisammare,vlooitjie,no description
Pisammare,thebeardnbg,no description
Cimone 2k16,tthorhauge,no description
Gli sfollati,zmoneaux,no description
Cimone 2k16,kwaine,no description
Bel gruppo,spacy85,no description
Bel gruppo,kalungplus6,no description
Pisammare,morishita,no description
Pisammare,bitz11,no description
Pisammare,tricky_fox,no description
Cimone 2k16,procyondeneb,no description
Bel gruppo,acecorleone,no description
Pisammare,colin1952,no description
Quelli di sempre,thinkingamer},no description
Cimone 2k16,demersadam,no description
Gli sfollati,kamashiri,no description
Pisammare,bshazel,no description
Pisammare,gonti,no description
Gli sfollati,hoonga,no description
Bel gruppo,darkestknightz,no description
Cimone 2k16,cakesandpies,no description
Gli sfollati,jqtnguyen,no description
Bel gruppo,grimgork,no description
Pisammare,krunn arkenston,no description
Bel gruppo,scousegambit,no description
Pisammare,imoooo,no description
Bel gruppo,davidbrake,no description
Cimone 2k16,mopopaholic,no description
Gli sfollati,cubomagazine,no description
Quelli di sempre,calang},no description
Cimone 2k16,mauganraa,no description
Bel gruppo,schirafamily,no description
Bel gruppo,in8nirvana,no description
Quelli di sempre,jdoublep},no description
Gli sfollati,semicolon42,no description
Cimone 2k16,b2haras,no description
Gli sfollati,champalaune,no description
Pisammare,crspbitz,no description
Bel gruppo,recoil2004,no description
Quelli di sempre,greentea532},no description
Cimone 2k16,lorex888,no description
Pisammare,ricormy,no description
Cimone 2k16,dante_ventrue,no description
Cimone 2k16,black13,no description
Quelli di sempre,pcbtoxin},no description
Gli sfollati,xiaoniuniu,no description
Quelli di sempre,yannis77},no description
Quelli di sempre,falcomortale},no description
Quelli di sempre,boardscho},no description
Bel gruppo,geminitroll,no description
Quelli di sempre,r0cinante},no description
Pisammare,milans9,no description
Gli sfollati,slowpokeiv,no description
Quelli di sempre,russellalbert},no description
Quelli di sempre,papachristou},no description
Cimone 2k16,bcoleman11,no description
Gli sfollati,farwesito,no description
Quelli di sempre,satoshi0086},no description
Quelli di sempre,fatuhoku},no description
Gli sfollati,solubles,no description
Cimone 2k16,hippopotamusbg,no description
Bel gruppo,lichman,no description
Cimone 2k16,zorcher,no description
Bel gruppo,t0x1c_j3st3r,no description
Quelli di sempre,hanssolo},no description
Quelli di sempre,shib71},no description
Gli sfollati,paulcloud,no description
Gli sfollati,nikon_990,no description
Gli sfollati,wolfit,no description
Cimone 2k16,jpngui,no description
Cimone 2k16,sbratsch,no description
Bel gruppo,starwalker,no description
Pisammare,albertoss5,no description
Pisammare,snakespittle,no description
Quelli di sempre,dcr619},no description
Quelli di sempre,chronotab},no description
Pisammare,mtr1966,no description
Cimone 2k16,jresko,no description
Pisammare,bojanthebest,no description
Quelli di sempre,colesy},no description
Pisammare,dakotarimmer,no description
Bel gruppo,ejberkenpas22,no description
Quelli di sempre,yankee21},no description
Pisammare,colyavin,no description
Cimone 2k16,serenor,no description
Quelli di sempre,magiccoast9},no description
Quelli di sempre,gary120},no description
Gli sfollati,thornsaplenty,no description
Quelli di sempre,pieropepi},no description
Bel gruppo,kurganfr,no description
Pisammare,hininsul,no description
Quelli di sempre,hampusr},no description
Pisammare,cloethom,no description
Cimone 2k16,cinemascifi,no description
Bel gruppo,wootersl,no description
Cimone 2k16,shadow dragon,no description
Cimone 2k16,hardthing,no description
Bel gruppo,ealdrich,no description
Pisammare,rosechild,no description
Quelli di sempre,pwellner},no description
Gli sfollati,oberchef,no description
Quelli di sempre,alekerickson},no description
Quelli di sempre,drjozzo},no description
Quelli di sempre,rysiuvg},no description
Quelli di sempre,msimoher},no description
Quelli di sempre,jimcbyler},no description
Pisammare,harryelwell,no description
Quelli di sempre,muscarin},no description
Cimone 2k16,fischpott,no description
Bel gruppo,sparts,no description
Pisammare,tartantari,no description
Quelli di sempre,satis08},no description
Quelli di sempre,kcstrass},no description
Pisammare,retsnimel,no description
Pisammare,heshhhh,no description
Pisammare,nguerra1971,no description
Quelli di sempre,byroncastillo1972,no description
Cimone 2k16,hendrake,no description
Bel gruppo,king kazma,no description
Pisammare,duchtil,no description
Gli sfollati,odanan,no description
Pisammare,giovannifusco00,no description
Gli sfollati,kukko,no description
Gli sfollati,hajjir2,no description
Cimone 2k16,britiger,no description
Cimone 2k16,dr_max_kurt,no description
Quelli di sempre,billyloomis},no description
Bel gruppo,cankawi,no description
Quelli di sempre,cojackson},no description
Bel gruppo,val0920,no description
Cimone 2k16,timeodanaos,no description
Gli sfollati,gabrielfaria,no description
Cimone 2k16,ohno,no description
Pisammare,jarbasaur,no description
Quelli di sempre,maxlongstreet},no description
Cimone 2k16,doktordisco,no description
Pisammare,philjones,no description
Pisammare,silverio,no description
Pisammare,klippolis,no description
Pisammare,jclab,no description
Pisammare,dualta,no description
Gli sfollati,deepwatergames,no description
Cimone 2k16,prismlizard,no description
Cimone 2k16,catasstrophy,no description
Quelli di sempre,jojocelyne},no description
Gli sfollati,elgrec j,no description
Bel gruppo,ovidenov,no description
Gli sfollati,nerdzgarage,no description
Cimone 2k16,jake_pink,no description
Quelli di sempre,gomboseszter25},no description
Bel gruppo,bryanx99,no description
Gli sfollati,onufry7,no description
Quelli di sempre,glax},no description
Quelli di sempre,alunira},no description
Quelli di sempre,matildatiger},no description
Pisammare,laymank,no description
Quelli di sempre,greenladdy},no description
Quelli di sempre,walterhisownself},no description
Bel gruppo,golikua,no description
Bel gruppo,syntyche,no description
Bel gruppo,freddy_k,no description
Gli sfollati,bluescardsgamer_21,no description
Gli sfollati,qba69,no description
Quelli di sempre,boardroom haarlem},no description
Bel gruppo,lore,no description
Cimone 2k16,shav braun,no description
Cimone 2k16,biffgames,no description
Pisammare,tovell2121,no description
Bel gruppo,inkittenus,no description
Bel gruppo,frankzed,no description
Bel gruppo,avalain,no description
Pisammare,lordtoast91,no description
Gli sfollati,tzinc,no description
Cimone 2k16,oldshanghai,no description
Gli sfollati,parallastrix,no description
Pisammare,zoomshanka01,no description
Cimone 2k16,adampitman,no description
Pisammare,lauravegan,no description
Gli sfollati,dsturgeon,no description
Gli sfollati,spavec,no description
Cimone 2k16,vynshade,no description
Gli sfollati,soundguy34421,no description
Pisammare,lowengrin,no description
Quelli di sempre,cmcevans},no description
Cimone 2k16,sir_remic,no description
Pisammare,beastman,no description
Bel gruppo,crzybeliever,no description
Gli sfollati,fatjackwhite,no description
Gli sfollati,cmwp1,no description
Bel gruppo,jameson and sons,no description
Quelli di sempre,alamb},no description
Bel gruppo,burdkingo,no description
Cimone 2k16,dementomstie,no description
Gli sfollati,khariyap,no description
Quelli di sempre,atsuatsu},no description
Quelli di sempre,robdamons},no description
Pisammare,ecraven,no description
Bel gruppo,chanms,no description
Quelli di sempre,laerthes},no description
Quelli di sempre,cura214},no description
Bel gruppo,mss6363,no description
Pisammare,kujaku,no description
Cimone 2k16,zealen,no description
Quelli di sempre,murrayegger},no description
Bel gruppo,saraycarry,no description
Cimone 2k16,michaellou,no description
Quelli di sempre,bth982},no description
Quelli di sempre,mystereorange},no description
Bel gruppo,tayllerok,no description
Cimone 2k16,zircher,no description
Bel gruppo,gabibi,no description
Gli sfollati,emirhan,no description
Quelli di sempre,chocklad},no description
Pisammare,almsthvn,no description
Pisammare,lildragon810,no description
Bel gruppo,atos25,no description
Cimone 2k16,maximnicov,no description
Cimone 2k16,vagen,no description
Cimone 2k16,gimmelopa,no description
Gli sfollati,bgwilson,no description
Pisammare,fragpuss,no description
Bel gruppo,yosoyfro,no description
Pisammare,brass_guppy,no description
Quelli di sempre,wojo19},no description
Pisammare,jackverde,no description
Gli sfollati,alarthame,no description
Quelli di sempre,hahasound},no description
Gli sfollati,zuljir,no description
Quelli di sempre,dinotiki},no description
Gli sfollati,urcamadon,no description
Bel gruppo,napattack,no description
Bel gruppo,spankytaz,no description
Gli sfollati,tjaball,no description
Gli sfollati,patrick_leder,no description
Gli sfollati,cura214,no description
Quelli di sempre,pgdnorz},no description
Quelli di sempre,mikee_c},no description
Quelli di sempre,eags},no description
Gli sfollati,ath3na,no description
Gli sfollati,fadedfish,no description
Quelli di sempre,jack_rock},no description
Quelli di sempre,mtafti},no description
Cimone 2k16,chaosz,no description
Quelli di sempre,bellastellaria},no description
Quelli di sempre,alexanderfranc},no description
Quelli di sempre,deftly},no description
Bel gruppo,davidqs,no description
Pisammare,funkdonut,no description
Bel gruppo,jt anderson,no description
Cimone 2k16,f1madkiller,no description
Gli sfollati,clzdvd,no description
Quelli di sempre,hikarusaii},no description
Quelli di sempre,anconed},no description
Gli sfollati,tarantul123,no description
Pisammare,badcaptaingames,no description
Quelli di sempre,jannu},no description
Cimone 2k16,cleled,no description
Quelli di sempre,bicky209},no description
Pisammare,smartermonkey,no description
Quelli di sempre,vekacz},no description
Bel gruppo,joshhanocri,no description
Gli sfollati,potajillo,no description
Cimone 2k16,thefandommenace,no description
Gli sfollati,artgoblin,no description
Gli sfollati,ydwen,no description
Quelli di sempre,johnvv3232},no description
Pisammare,psiquico,no description
Pisammare,hyperchaotic,no description
Gli sfollati,shockway,no description
Cimone 2k16,torpiche,no description
Pisammare,aaronernst,no description
Gli sfollati,cjwoods,no description
Bel gruppo,gamer750315,no description
Bel gruppo,rnicholson95,no description
Quelli di sempre,ferozeshah},no description
Cimone 2k16,hmspeer,no description
Gli sfollati,bang potential,no description
Quelli di sempre,12henry14},no description
Cimone 2k16,preachervondoom,no description
Cimone 2k16,zickzack,no description
Bel gruppo,osarusama,no description
Pisammare,tevish szat,no description
Gli sfollati,herotime,no description
Quelli di sempre,joozz},no description
Quelli di sempre,gnoola},no description
Bel gruppo,aldoaldo,no description
Quelli di sempre,kipbot},no description
Cimone 2k16,vanlyst,no description
Gli sfollati,efduarte,no description
Cimone 2k16,lkcarr,no description
Bel gruppo,josdelage,no description
Cimone 2k16,jedx730,no description
Quelli di sempre,dongsuk kim},no description
Pisammare,cubecolossus,no description
Quelli di sempre,supergumby14},no description
Quelli di sempre,tjrolette},no description
Pisammare,redjedipirate,no description
Pisammare,tzuyuchen,no description
Cimone 2k16,timeisner1,no description
Gli sfollati,shaffer83,no description
Quelli di sempre,kouladin},no description
Gli sfollati,fizzend,no description
Cimone 2k16,dooglem,no description
Pisammare,kiwigamer7,no description
Cimone 2k16,xavsky,no description
Pisammare,kleid16,no description
Quelli di sempre,mitbnet},no description
Quelli di sempre,coco09},no description
Cimone 2k16,onionmole,no description
Cimone 2k16,slyguy1987,no description
Gli sfollati,coreykellerokc,no description
Pisammare,jimgri,no description
Cimone 2k16,bender30,no description
Quelli di sempre,eduar23},no description
Cimone 2k16,manekrod,no description
Pisammare,gregski,no description
Cimone 2k16,kubolakuba,no description
Quelli di sempre,liehd},no description
Cimone 2k16,tateallan,no description
Cimone 2k16,dex487,no description
Gli sfollati,windbane,no description
Bel gruppo,frozenpandaman,no description
Pisammare,lesepinards,no description
Cimone 2k16,mctrillionaire,no description
Cimone 2k16,taj121,no description
Pisammare,fiendius,no description
Gli sfollati,damocles346,no description
Gli sfollati,greltch,no description
Quelli di sempre,xobxela},no description
Cimone 2k16,ryu101,no description
Cimone 2k16,gamerbut,no description
Quelli di sempre,malmot},no description
Bel gruppo,neechy,no description
Pisammare,mafieadon,no description
Pisammare,emalc,no description
Bel gruppo,astorz,no description
Quelli di sempre,marricco},no description
Gli sfollati,stiffann,no description
Cimone 2k16,battledog,no description
Quelli di sempre,sazha90},no description
Pisammare,stapletor,no description
Pisammare,madmarks,no description
Cimone 2k16,tomppb,no description
Gli sfollati,dee_,no description
Quelli di sempre,semriwing},no description
Bel gruppo,npoirier,no description
Bel gruppo,schubert3,no description
Pisammare,sbellon,no description
Cimone 2k16,lillylynx64,no description
Pisammare,timw,no description
Cimone 2k16,weckoj,no description
Gli sfollati,silviathemind,no description
Pisammare,bearfishpie,no description
Gli sfollati,toregualto,no description
Quelli di sempre,richislater},no description
Pisammare,mtorch,no description
Bel gruppo,blacksol,no description
Pisammare,justanotherjason,no description
Quelli di sempre,girlgeekonfleek},no description
Bel gruppo,leumas23,no description
Quelli di sempre,onnij},no description
Quelli di sempre,polar_bear_effect},no description
Cimone 2k16,dave1010,no description
Quelli di sempre,throat_rip},no description
Bel gruppo,pressack,no description
Pisammare,oofunkyoo,no description
Gli sfollati,marlynd,no description
Quelli di sempre,anti11},no description
Cimone 2k16,jamblin,no description
Bel gruppo,eylyns,no description
Bel gruppo,cronino,no description
Cimone 2k16,glenn and rochelle,no description
Pisammare,oj0 poderoso,no description
Pisammare,ngwalme,no description
Pisammare,tabletopnick,no description
Cimone 2k16,nairipo,no description
Gli sfollati,meleron87,no description
Bel gruppo,politovski,no description
Quelli di sempre,tintin vs china},no description
Bel gruppo,aeggebroten,no description
Gli sfollati,tehuan,no description
Gli sfollati,biggalah,no description
Gli sfollati,hurtbotpegasus9,no description
Cimone 2k16,piotrboruta,no description
Cimone 2k16,kevinver,no description
Bel gruppo,gamesbyfgx,no description
Cimone 2k16,spawnofseitan,no description
Quelli di sempre,somemadpoet},no description
Gli sfollati,chubaba,no description
Pisammare,duendeverde,no description
Gli sfollati,o1eks,no description
Gli sfollati,a1magician,no description
Cimone 2k16,docdoubt,no description
Cimone 2k16,lontany,no description
Pisammare,warlain,no description
Pisammare,scampi007,no description
Cimone 2k16,ironhanded,no description
Cimone 2k16,adiczek,no description
Gli sfollati,jroorbdsaonn,no description
Pisammare,ck13,no description
Bel gruppo,jazzbeard,no description
Cimone 2k16,manic8,no description
Pisammare,thomaswong99,no description
Quelli di sempre,filecore},no description
Pisammare,florth,no description
Cimone 2k16,zixzing,no description
Quelli di sempre,djmerk},no description
Bel gruppo,xmikhaelx,no description
Bel gruppo,falcomortale,no description
Cimone 2k16,thea farrell,no description
Quelli di sempre,junipercreates},no description
Pisammare,venedius,no description
Gli sfollati,kfoged,no description
Gli sfollati,nagl00,no description
Gli sfollati,vicglorious,no description
Quelli di sempre,gardnersteve20},no description
Bel gruppo,majortom87,no description
Bel gruppo,kohlerfolk,no description
Bel gruppo,toygnome,no description
Bel gruppo,gottagame9000,no description
Pisammare,gentille,no description
Pisammare,trentontron,no description
Bel gruppo,melissasweet,no description
Gli sfollati,iansbach,no description
Pisammare,mamescisneros,no description
Pisammare,piroki,no description
Cimone 2k16,thalamus grondak,no description
Pisammare,mynameiszeta,no description
Cimone 2k16,kazune23,no description
Quelli di sempre,jedx730},no description
Gli sfollati,yert5,no description
Bel gruppo,docgeo1,no description
Bel gruppo,lorddra,no description
Pisammare,kitsrealm,no description
Bel gruppo,akbanse,no description
Quelli di sempre,sockerpappa},no description
Quelli di sempre,skalf},no description
Gli sfollati,snicklynn,no description
Quelli di sempre,radox_1981},no description
Bel gruppo,legendsdm,no description
Gli sfollati,tonberry1980,no description
Bel gruppo,barth153,no description
Quelli di sempre,kreutzi},no description
Quelli di sempre,aurorevalery},no description
Cimone 2k16,baal_sazanami,no description
Gli sfollati,alexhong96,no description
Gli sfollati,kwagle,no description
Pisammare,il_pirata,no description
Bel gruppo,edreyes,no description
Quelli di sempre,davidrodmix},no description
Pisammare,lotsoffreckles,no description
Cimone 2k16,josedraco,no description
Quelli di sempre,tyler2003},no description
Cimone 2k16,boardgamebroszer06,no description
Pisammare,artemysya,no description
Gli sfollati,nogameover,no description
Gli sfollati,jerm!,no description
Gli sfollati,skinnytrout1,no description
Pisammare,monorico,no description
Quelli di sempre,enkido},no description
Quelli di sempre,sxenuker},no description
Quelli di sempre,brother3wright},no description
Bel gruppo,annpeel,no description
Cimone 2k16,timmybonthemic,no description
Pisammare,beebrains,no description
Cimone 2k16,lumivarjo,no description
Bel gruppo,negarville,no description
Bel gruppo,dfbowen,no description
Quelli di sempre,kyoungyun},no description
Pisammare,boomtown123,no description
Pisammare,gardner,no description
Cimone 2k16,hana18,no description
Gli sfollati,thenelsonkids,no description
Quelli di sempre,fuelle},no description
Pisammare,netrinogr,no description
Pisammare,dbfjony,no description
Quelli di sempre,word2k},no description
Cimone 2k16,gjc82,no description
Cimone 2k16,captainburnside,no description
Cimone 2k16,nkfloofiepoof,no description
Bel gruppo,thechrismorrison,no description
Bel gruppo,madmanw,no description
Quelli di sempre,mrdaxxos},no description
Cimone 2k16,twillis,no description
Pisammare,aaronchpmn,no description
Pisammare,orlandeau,no description
Bel gruppo,screamingmonkey,no description
Pisammare,strohman,no description
Pisammare,squidmon2,no description
Bel gruppo,emanueldiniz,no description
Gli sfollati,buckalbertbill,no description
Pisammare,mattc19,no description
Pisammare,matthay,no description
Cimone 2k16,mauricedeltaco,no description
Cimone 2k16,eumaies,no description
Gli sfollati,rbjpl,no description
Cimone 2k16,arnaudbel83,no description
Bel gruppo,divanna,no description
Pisammare,niceyard,no description
Quelli di sempre,emiller31},no description
Quelli di sempre,bazan999},no description
Quelli di sempre,aschertz},no description
Quelli di sempre,caseyward},no description
Bel gruppo,clafi,no description
Gli sfollati,russellalbert,no description
Pisammare,majuskel,no description
Quelli di sempre,neulk},no description
Gli sfollati,tobius the beard,no description
Bel gruppo,martijnbrt,no description
Cimone 2k16,explodent,no description
Bel gruppo,epikcreations,no description
Gli sfollati,sociallubricant,no description
Gli sfollati,le platte studios,no description
Gli sfollati,chimneyrockinc,no description
Quelli di sempre,amattoso},no description
Bel gruppo,jsb172135,no description
Gli sfollati,dragono,no description
Bel gruppo,toulipa,no description
Pisammare,tronin,no description
Gli sfollati,atilaks,no description
Gli sfollati,sengirato,no description
Pisammare,silcabad,no description
Gli sfollati,hms_indefatigable,no description
Pisammare,mydrynn,no description
Gli sfollati,listit,no description
Cimone 2k16,jptothec,no description
Gli sfollati,luckyj,no description
Bel gruppo,mili40k,no description
Cimone 2k16,pinklimabeans,no description
Cimone 2k16,dmdupree,no description
Pisammare,mist064,no description
Bel gruppo,carbunicle,no description
Bel gruppo,srmoore,no description
Cimone 2k16,naptown jim,no description
Quelli di sempre,playtaenschen73,no description
Bel gruppo,mpruchniewicz,no description
Quelli di sempre,scifi66},no description
Quelli di sempre,the_great_old_bgamer,no description
Quelli di sempre,awi92},no description
Quelli di sempre,crafties},no description
Quelli di sempre,durstan},no description
Cimone 2k16,geo_bsi,no description
Cimone 2k16,julius r,no description
Gli sfollati,ecobot3001,no description
Gli sfollati,nyrina,no description
Pisammare,hikerhistorian,no description
Cimone 2k16,gofightpow,no description
Quelli di sempre,phillier937},no description
Bel gruppo,danfriesen,no description
Bel gruppo,real_sunbro,no description
Pisammare,pkmuenster,no description
Cimone 2k16,archiekoi,no description
Gli sfollati,kitsumekajime,no description
Pisammare,adhicipta,no description
Quelli di sempre,ripwil},no description
Gli sfollati,virpye,no description
Gli sfollati,sebaq14,no description
Cimone 2k16,mickrig_schwarz,no description
Pisammare,ptysiu,no description
Bel gruppo,mdwoolls,no description
Quelli di sempre,s4v10rx},no description
Bel gruppo,torquatus b,no description
Gli sfollati,squirepug,no description
Cimone 2k16,janus89,no description
Pisammare,cmcriswell,no description
Gli sfollati,monk21,no description
Quelli di sempre,septembre},no description
Pisammare,naporreon,no description
Gli sfollati,bshotton,no description
Quelli di sempre,jprambs},no description
Bel gruppo,pilot5786,no description
Cimone 2k16,soldag,no description
Cimone 2k16,abhorash_chile,no description
Gli sfollati,graveyardgreg,no description
Bel gruppo,deroeckj,no description
Cimone 2k16,bambicat,no description
Pisammare,bowtruckleliz,no description
Cimone 2k16,kunonin,no description
Cimone 2k16,pavtip,no description
Bel gruppo,andylc13,no description
Quelli di sempre,polomease},no description
Gli sfollati,hasnak,no description
Bel gruppo,joe_monk,no description
Pisammare,cruyl,no description
Quelli di sempre,link7778},no description
Gli sfollati,bayescrusader,no description
Quelli di sempre,ket0514},no description
Cimone 2k16,alex420,no description
Cimone 2k16,dvgagz99,no description
Gli sfollati,napsyd,no description
Gli sfollati,mrbrugat,no description
Gli sfollati,i3ullseye,no description
Pisammare,particle games,no description
Bel gruppo,jester75,no description
Quelli di sempre,schmatzy},no description
Pisammare,kkops,no description
Bel gruppo,tegs,no description
Gli sfollati,jbeighel,no description
Cimone 2k16,dboy2330,no description
Cimone 2k16,dennisthebadger,no description
Bel gruppo,discospider,no description
Cimone 2k16,kinsoul studio,no description
Pisammare,panosraul,no description
Gli sfollati,vihkr,no description
Bel gruppo,kiergon,no description
Cimone 2k16,piru,no description
Pisammare,eldergames,no description
Gli sfollati,briguy7727,no description
Cimone 2k16,sukuchi,no description
Gli sfollati,mindspike,no description
Bel gruppo,aiolia,no description
Quelli di sempre,nightmarus},no description
Quelli di sempre,oxgoth},no description
Cimone 2k16,lvampa,no description
Gli sfollati,tomq04,no description
Gli sfollati,need4den,no description
Quelli di sempre,jkempfert},no description
Pisammare,giuliomaffei90,no description
Bel gruppo,marcel1986,no description
Cimone 2k16,pinetree,no description
Gli sfollati,avalon30a16,no description
Gli sfollati,leithwalton,no description
Gli sfollati,ambrose_grey,no description
Quelli di sempre,pedrosnow},no description
Gli sfollati,mickydude16,no description
Gli sfollati,king napoleon,no description
Quelli di sempre,cooper1977},no description
Cimone 2k16,thedarkshine,no description
Cimone 2k16,leluckyvint,no description
Quelli di sempre,minze1981},no description
Pisammare,tenchizard,no description
Quelli di sempre,superjoluoshi},no description
Bel gruppo,ronniesong0809,no description
Gli sfollati,bananabattle,no description
Pisammare,moggerdude,no description
Gli sfollati,tofuburrito,no description
Bel gruppo,pecazp,no description
Quelli di sempre,bigbenfulham},no description
Quelli di sempre,willywilly},no description
Cimone 2k16,krsnaji,no description
Cimone 2k16,jamesmcm84,no description
Pisammare,jamit42,no description
Cimone 2k16,ph0n1k,no description
Quelli di sempre,datshuki},no description
Quelli di sempre,andrelsco},no description
Pisammare,clhampton,no description
Pisammare,fa1ataka,no description
Bel gruppo,alisonn,no description
Cimone 2k16,dylpickle,no description
Cimone 2k16,3 nails,no description
Quelli di sempre,sci_karate},no description
Pisammare,cobaltkatdrone,no description
Cimone 2k16,leumas23,no description
Quelli di sempre,dayvancowboy},no description
Pisammare,reggie74,no description
Bel gruppo,shiggy,no description
Cimone 2k16,petwrangler,no description
Cimone 2k16,pitbullover138,no description
Pisammare,cprops,no description
Quelli di sempre,izenmania},no description
Quelli di sempre,superoxide09},no description
Cimone 2k16,malakite,no description
Quelli di sempre,jacer},no description
Pisammare,mrgustav,no description
Cimone 2k16,bone4lyf,no description
Bel gruppo,arutgers03,no description
Gli sfollati,qwerm,no description
Bel gruppo,sombrero,no description
Quelli di sempre,vragusiv},no description
Cimone 2k16,denismm,no description
Quelli di sempre,scampi007},no description
Bel gruppo,legomissileman1,no description
Quelli di sempre,davob},no description
Pisammare,harmonious,no description
Gli sfollati,disco_stu,no description
Bel gruppo,awhitson,no description
Cimone 2k16,ssalko2,no description
Pisammare,thehacker4711,no description
Bel gruppo,jmadel24,no description
Cimone 2k16,thunderinggiraffe,no description
Quelli di sempre,necio},no description
Pisammare,supertimor33,no description
Gli sfollati,nikolascc,no description
Gli sfollati,davidstevens,no description
Cimone 2k16,plutornox,no description
Pisammare,malakai1234,no description
Cimone 2k16,kry73,no description
Cimone 2k16,rosekurt,no description
Bel gruppo,aunt kath,no description
Gli sfollati,juggernautj,no description
Quelli di sempre,sunsplitter},no description
Gli sfollati,curlybrosgames,no description
Quelli di sempre,dariusiv},no description
Gli sfollati,peteer,no description
Bel gruppo,joaosilv,no description
Gli sfollati,neogenesisx,no description
Bel gruppo,adrienned1,no description
Cimone 2k16,snapboing03,no description
Gli sfollati,wolfpunk,no description
Bel gruppo,devlin69,no description
Pisammare,amnaroth,no description
Pisammare,rrousey,no description
Cimone 2k16,durstan,no description
Pisammare,reinwood99,no description
Pisammare,patrickstockton,no description
Cimone 2k16,amattoso,no description
Pisammare,pacgames,no description
Cimone 2k16,freekvd,no description
Gli sfollati,herodian,no description
Gli sfollati,rajonrondo9,no description
Cimone 2k16,hoplomaco,no description
Quelli di sempre,lxnomadxl},no description
Pisammare,devtripp,no description
Pisammare,derdrach,no description
Cimone 2k16,mrmike555,no description
Quelli di sempre,beantakeshi},no description
Quelli di sempre,voazpro},no description
Gli sfollati,regpeepsgaming,no description
Gli sfollati,serendark,no description
Gli sfollati,traderges,no description
Bel gruppo,casperwa,no description
Bel gruppo,nobigdeal,no description
Gli sfollati,jyashar,no description
Quelli di sempre,kebbne},no description
Pisammare,chaumeil,no description
Gli sfollati,laynelarson,no description
Pisammare,piquetone,no description
Quelli di sempre,morzath},no description
Cimone 2k16,dylasaurus,no description
Quelli di sempre,life_tho},no description
Pisammare,ghoulunatic,no description
Gli sfollati,pfarao,no description
Bel gruppo,jdoublep,no description
Gli sfollati,zzlothzz,no description
Gli sfollati,emk6155,no description
Quelli di sempre,mmaccg},no description
Pisammare,praetoriam,no description
Cimone 2k16,iamdroid,no description
Cimone 2k16,classicvillan,no description
Quelli di sempre,wobbles},no description
Cimone 2k16,sebastianmyers,no description
Quelli di sempre,shadowkilleruy},no description
Gli sfollati,dinos,no description
Pisammare,pulsarevent,no description
Bel gruppo,drfatso,no description
Bel gruppo,whidbey ghoul,no description
Quelli di sempre,jbricker},no description
Quelli di sempre,animsparrow},no description
Gli sfollati,ludomc,no description
Gli sfollati,whiteknight2015,no description
Pisammare,bowserx,no description
Pisammare,domin2111,no description
Quelli di sempre,nexxusdrako},no description
Pisammare,benofx,no description
Quelli di sempre,spinningturtle},no description
Cimone 2k16,stackey83,no description
Pisammare,thewoodworkinggamer,no description
Gli sfollati,rebuscarnival,no description
Gli sfollati,ferna_j5,no description
Gli sfollati,matt1990,no description
Bel gruppo,europearound,no description
Bel gruppo,mpetermax,no description
Gli sfollati,rogue1483,no description
Cimone 2k16,ghwhite,no description
Cimone 2k16,cheptry,no description
Pisammare,koufax75,no description
Pisammare,robber baron,no description
Quelli di sempre,voynar},no description
Cimone 2k16,henryhiggins,no description
Quelli di sempre,the_talent},no description
Bel gruppo,milha,no description
Gli sfollati,fightorcusfight,no description
Gli sfollati,atharon,no description
Quelli di sempre,recivs},no description
Quelli di sempre,jeff_78},no description
Quelli di sempre,nimluen},no description
Quelli di sempre,salpikaespuma},no description
Bel gruppo,littlemissrachel,no description
Bel gruppo,ejboston,no description
Quelli di sempre,thea farrell},no description
Quelli di sempre,djmo},no description
Gli sfollati,ninjaboston,no description
Gli sfollati,bloodmillimboold,no description
Gli sfollati,latafrakt,no description
Quelli di sempre,roadkiller1},no description
Bel gruppo,anouschnei,no description
Pisammare,dbailey1564,no description
Cimone 2k16,buggsy,no description
Quelli di sempre,frank_avocado},no description
Gli sfollati,lipnymatek,no description
Cimone 2k16,wicked griffin,no description
Pisammare,myszak,no description
Bel gruppo,wavyhill,no description
Gli sfollati,syras,no description
Quelli di sempre,daysofwonder1910,no description
Gli sfollati,druos,no description
Bel gruppo,tanavanderpal,no description
Cimone 2k16,dropkick_daoc,no description
Cimone 2k16,f74n,no description
Quelli di sempre,jeliel},no description
Bel gruppo,msw7c,no description
Cimone 2k16,idontwanttopickaname,no description
Bel gruppo,cocotero,no description
Pisammare,shift66,no description
Bel gruppo,mrn0mbre,no description
Gli sfollati,iklinck,no description
Bel gruppo,setehek,no description
Quelli di sempre,elliesophiehall},no description
Quelli di sempre,mcarta},no description
Bel gruppo,countseven,no description
Gli sfollati,stellar_mass,no description
Quelli di sempre,rubcar91},no description
Pisammare,christophercoutinho,no description
Pisammare,angelg01,no description
Cimone 2k16,freedomdriven,no description
Bel gruppo,jmbilyk,no description
Cimone 2k16,dreaddormammu,no description
Cimone 2k16,tgarr,no description
Quelli di sempre,darthjerriko},no description
Cimone 2k16,lachazzz,no description
Cimone 2k16,burn_cast,no description
Cimone 2k16,rustere,no description
Gli sfollati,kantel,no description
Quelli di sempre,zoli11},no description
Cimone 2k16,ajbrinham,no description
Pisammare,giobbedg,no description
Cimone 2k16,shift7solutions,no description
Gli sfollati,squiptar,no description
Pisammare,fourds13,no description
Pisammare,alekerickson,no description
Bel gruppo,gamerknag,no description
Bel gruppo,felipito,no description
Bel gruppo,gnodax,no description
Cimone 2k16,axisofoil,no description
Pisammare,deathmagus,no description
Quelli di sempre,homero_vess},no description
Gli sfollati,temeraire,no description
Bel gruppo,robot70882,no description
Cimone 2k16,hellskitch,no description
Bel gruppo,thatserafimkid,no description
Gli sfollati,z_zadar,no description
Pisammare,birch10,no description
Gli sfollati,bojangals,no description
Gli sfollati,sheijtan,no description
Pisammare,adridevil,no description
Pisammare,garfieldcut,no description
Quelli di sempre,ymmtfmy},no description
Gli sfollati,dreadpiratewes,no description
Bel gruppo,jos3ph1ne,no description
Cimone 2k16,listrain,no description
Bel gruppo,iterdistar,no description
Bel gruppo,elflin1024,no description
Bel gruppo,satu87121,no description
Gli sfollati,dbb143,no description
Quelli di sempre,arnbrhm},no description
Gli sfollati,vic502,no description
Bel gruppo,viduenez,no description
Pisammare,shirral,no description
Bel gruppo,doubt72,no description
Pisammare,caryag,no description
Pisammare,daskanrn,no description
Gli sfollati,waitingtoderail,no description
Gli sfollati,kraniasorestis,no description
Gli sfollati,ernierasta,no description
Pisammare,ishmael5,no description
Pisammare,shawondak,no description
Cimone 2k16,zhit,no description
Bel gruppo,stevecychang,no description
Bel gruppo,blitz734,no description
Pisammare,ajbmaster,no description
Quelli di sempre,jaredjdj},no description
Cimone 2k16,fallouthun,no description
Pisammare,airfighter,no description
Cimone 2k16,eisenkessel,no description
Cimone 2k16,fairlyhyperman,no description
Quelli di sempre,taegukki},no description
Quelli di sempre,uggel},no description
Pisammare,ace_zpade,no description
Quelli di sempre,doudousama},no description
Gli sfollati,socrates 88,no description
Pisammare,keoga,no description
Cimone 2k16,silverio,no description
Quelli di sempre,nellatrebor},no description
Gli sfollati,anlupo89,no description
Cimone 2k16,bignike_ch,no description
Cimone 2k16,tracey66,no description
Bel gruppo,mizerak,no description
Quelli di sempre,sobemanhoss},no description
Bel gruppo,manius,no description
Quelli di sempre,l and n railroad},no description
Cimone 2k16,poit,no description
Gli sfollati,donstr,no description
Pisammare,bromden62,no description
Quelli di sempre,kodamera},no description
Cimone 2k16,ludwigman,no description
Pisammare,chasel3000,no description
Quelli di sempre,tehuan},no description
Pisammare,d34th4ng3lz,no description
Cimone 2k16,darklighter42,no description
Cimone 2k16,yellowcymbidium,no description
Cimone 2k16,hanythegamer,no description
Gli sfollati,cwlin0131,no description
Gli sfollati,littletree,no description
Pisammare,thraxar,no description
Quelli di sempre,ryanvespucci},no description
Gli sfollati,pablomosquera,no description
Gli sfollati,jplee755,no description
Bel gruppo,iiactyx,no description
Bel gruppo,emiljonchere,no description
Pisammare,panickone,no description
Pisammare,elichten,no description
Pisammare,johannesgp,no description
Cimone 2k16,meehau,no description
Bel gruppo,gingko78,no description
Quelli di sempre,jsb172135},no description
Bel gruppo,kgp23,no description
Cimone 2k16,remylebeau33,no description
Pisammare,granpamini,no description
Gli sfollati,ryrodrigo,no description
Cimone 2k16,jmcnear,no description
Bel gruppo,chadagames,no description
Quelli di sempre,jarzab},no description
Gli sfollati,baquru,no description
Quelli di sempre,xxjeffxx},no description
Cimone 2k16,infest,no description
Gli sfollati,dylanam,no description
Cimone 2k16,mrsjessicamarinelli,no description
Quelli di sempre,dluzbgg},no description
Pisammare,cmcadvanced,no description
Pisammare,jassad1,no description
Pisammare,aacallaham,no description
Cimone 2k16,the elvenking,no description
Cimone 2k16,lipnymatek,no description
Quelli di sempre,0447603},no description
Gli sfollati,gamer one,no description
Bel gruppo,youvegotrats,no description
Pisammare,mulat,no description
Pisammare,sirpork,no description
Bel gruppo,odis,no description
Cimone 2k16,snorkel83,no description
Bel gruppo,grey1974,no description
Quelli di sempre,zerothplace},no description
Gli sfollati,washusha,no description
Pisammare,chuke95,no description
Cimone 2k16,netmin80,no description
Quelli di sempre,thefigg88},no description
Bel gruppo,chuke95,no description
Bel gruppo,irrlichtsammler,no description
Bel gruppo,zinabi,no description
Bel gruppo,blankes1,no description
Gli sfollati,jtmariner,no description
Bel gruppo,maverick_swat,no description
Cimone 2k16,miskong,no description
Bel gruppo,minori,no description
Quelli di sempre,cornerpunch},no description
Bel gruppo,deevieke,no description
Bel gruppo,robdotavi,no description
Quelli di sempre,lionis},no description
Pisammare,derek_bkm,no description
Cimone 2k16,bolonski,no description
Pisammare,devinolsen,no description
Cimone 2k16,tinkerer,no description
Pisammare,hashemite,no description
Bel gruppo,angel825,no description
Bel gruppo,kahitu,no description
Cimone 2k16,andreq,no description
Bel gruppo,ravenfleet,no description
Bel gruppo,bardon,no description
Cimone 2k16,kubidi,no description
Cimone 2k16,mebuscat,no description
Bel gruppo,apsaros,no description
Pisammare,mattchoules82,no description
Cimone 2k16,christophbln,no description
Cimone 2k16,beren11,no description
Quelli di sempre,jesferrest},no description
Cimone 2k16,stygg,no description
Bel gruppo,beunaventura,no description
Gli sfollati,ace74,no description
Cimone 2k16,baradifi,no description
Gli sfollati,geromehans,no description
Pisammare,yupika,no description
Bel gruppo,timmcgraw34,no description
Cimone 2k16,ghalgor,no description
Gli sfollati,keyesboy,no description
Gli sfollati,freebee1963,no description
Gli sfollati,benchmybabyweight,no description
Quelli di sempre,faxa},no description
Gli sfollati,studiamea,no description
Pisammare,mikkancso,no description
Gli sfollati,light78,no description
Pisammare,hockster,no description
Gli sfollati,odlos,no description
Pisammare,thehobb,no description
Cimone 2k16,curtlin,no description
Cimone 2k16,thebard72,no description
Cimone 2k16,nocturne12,no description
Bel gruppo,dr_hazard86,no description
Cimone 2k16,gravey,no description
Cimone 2k16,riverman31,no description
